Task,Start_time,End_time,Duration
homework,1715030252.7246518,1715030254.2781193,1.5534675121307373
yoga,1715030285.666536,1715030287.4785168,1.8119807243347168
gardening,1715030671.4166656,1715030673.418896,2.002230405807495
